original,converted
/Users/federicocamarahalac/Documents/mmdb/raw/DSC_0122.JPG,/Users/federicocamarahalac/Documents/mmdb/img/i-0.jpg
/Users/federicocamarahalac/Documents/mmdb/raw/DSC_0123.JPG,/Users/federicocamarahalac/Documents/mmdb/img/i-1.jpg
/Users/federicocamarahalac/Documents/mmdb/raw/DSC_0124.JPG,/Users/federicocamarahalac/Documents/mmdb/img/i-2.jpg
/Users/federicocamarahalac/Documents/mmdb/raw/DSC_0125.JPG,/Users/federicocamarahalac/Documents/mmdb/img/i-3.jpg
/Users/federicocamarahalac/Documents/mmdb/raw/DSC_0126.JPG,/Users/federicocamarahalac/Documents/mmdb/img/i-4.jpg
/Users/federicocamarahalac/Documents/mmdb/raw/DSC_0127.JPG,/Users/federicocamarahalac/Documents/mmdb/img/i-5.jpg
/Users/federicocamarahalac/Documents/mmdb/raw/DSC_0128.JPG,/Users/federicocamarahalac/Documents/mmdb/img/i-6.jpg
/Users/federicocamarahalac/Documents/mmdb/raw/DSC_0129.JPG,/Users/federicocamarahalac/Documents/mmdb/img/i-7.jpg
/Users/federicocamarahalac/Documents/mmdb/raw/DSC_0130.JPG,/Users/federicocamarahalac/Documents/mmdb/img/i-8.jpg
/Users/federicocamarahalac/Documents/mmdb/raw/DSC_0131.JPG,/Users/federicocamarahalac/Documents/mmdb/img/i-9.jpg
/Users/federicocamarahalac/Documents/mmdb/raw/DSC_0132.JPG,/Users/federicocamarahalac/Documents/mmdb/img/i-10.jpg
/Users/federicocamarahalac/Documents/mmdb/raw/DSC_0133.JPG,/Users/federicocamarahalac/Documents/mmdb/img/i-11.jpg
/Users/federicocamarahalac/Documents/mmdb/raw/DSC_0134.JPG,/Users/federicocamarahalac/Documents/mmdb/img/i-12.jpg
/Users/federicocamarahalac/Documents/mmdb/raw/DSC_0135.JPG,/Users/federicocamarahalac/Documents/mmdb/img/i-13.jpg
/Users/federicocamarahalac/Documents/mmdb/raw/DSC_0136.JPG,/Users/federicocamarahalac/Documents/mmdb/img/i-14.jpg
/Users/federicocamarahalac/Documents/mmdb/raw/DSC_0137.JPG,/Users/federicocamarahalac/Documents/mmdb/img/i-15.jpg
/Users/federicocamarahalac/Documents/mmdb/raw/DSC_0138.JPG,/Users/federicocamarahalac/Documents/mmdb/img/i-16.jpg
/Users/federicocamarahalac/Documents/mmdb/raw/DSC_0139.JPG,/Users/federicocamarahalac/Documents/mmdb/img/i-17.jpg
/Users/federicocamarahalac/Documents/mmdb/raw/DSC_0140.JPG,/Users/federicocamarahalac/Documents/mmdb/img/i-18.jpg
/Users/federicocamarahalac/Documents/mmdb/raw/DSC_0141.JPG,/Users/federicocamarahalac/Documents/mmdb/img/i-19.jpg
/Users/federicocamarahalac/Documents/mmdb/raw/DSC_0142.JPG,/Users/federicocamarahalac/Documents/mmdb/img/i-20.jpg
/Users/federicocamarahalac/Documents/mmdb/raw/DSC_0143.JPG,/Users/federicocamarahalac/Documents/mmdb/img/i-21.jpg
/Users/federicocamarahalac/Documents/mmdb/raw/DSC_0144.JPG,/Users/federicocamarahalac/Documents/mmdb/img/i-22.jpg
/Users/federicocamarahalac/Documents/mmdb/raw/DSC_0145.JPG,/Users/federicocamarahalac/Documents/mmdb/img/i-23.jpg
/Users/federicocamarahalac/Documents/mmdb/raw/DSC_0146.JPG,/Users/federicocamarahalac/Documents/mmdb/img/i-24.jpg
/Users/federicocamarahalac/Documents/mmdb/raw/DSC_0147.JPG,/Users/federicocamarahalac/Documents/mmdb/img/i-25.jpg
/Users/federicocamarahalac/Documents/mmdb/raw/DSC_0148.JPG,/Users/federicocamarahalac/Documents/mmdb/img/i-26.jpg
/Users/federicocamarahalac/Documents/mmdb/raw/DSC_0149.JPG,/Users/federicocamarahalac/Documents/mmdb/img/i-27.jpg
/Users/federicocamarahalac/Documents/mmdb/raw/DSC_0150.JPG,/Users/federicocamarahalac/Documents/mmdb/img/i-28.jpg
/Users/federicocamarahalac/Documents/mmdb/raw/DSC_0151.JPG,/Users/federicocamarahalac/Documents/mmdb/img/i-29.jpg
/Users/federicocamarahalac/Documents/mmdb/raw/DSC_0152.JPG,/Users/federicocamarahalac/Documents/mmdb/img/i-30.jpg
/Users/federicocamarahalac/Documents/mmdb/raw/DSC_0153.JPG,/Users/federicocamarahalac/Documents/mmdb/img/i-31.jpg
/Users/federicocamarahalac/Documents/mmdb/raw/DSC_0154.JPG,/Users/federicocamarahalac/Documents/mmdb/img/i-32.jpg
/Users/federicocamarahalac/Documents/mmdb/raw/DSC_0155.JPG,/Users/federicocamarahalac/Documents/mmdb/img/i-33.jpg
/Users/federicocamarahalac/Documents/mmdb/raw/DSC_0156.JPG,/Users/federicocamarahalac/Documents/mmdb/img/i-34.jpg
/Users/federicocamarahalac/Documents/mmdb/raw/DSC_0157.JPG,/Users/federicocamarahalac/Documents/mmdb/img/i-35.jpg
/Users/federicocamarahalac/Documents/mmdb/raw/DSC_0158.JPG,/Users/federicocamarahalac/Documents/mmdb/img/i-36.jpg
/Users/federicocamarahalac/Documents/mmdb/raw/DSC_0159.JPG,/Users/federicocamarahalac/Documents/mmdb/img/i-37.jpg
/Users/federicocamarahalac/Documents/mmdb/raw/DSC_0160.JPG,/Users/federicocamarahalac/Documents/mmdb/img/i-38.jpg
/Users/federicocamarahalac/Documents/mmdb/raw/DSC_0161.JPG,/Users/federicocamarahalac/Documents/mmdb/img/i-39.jpg
/Users/federicocamarahalac/Documents/mmdb/raw/DSC_0162.JPG,/Users/federicocamarahalac/Documents/mmdb/img/i-40.jpg
/Users/federicocamarahalac/Documents/mmdb/raw/DSC_0163.JPG,/Users/federicocamarahalac/Documents/mmdb/img/i-41.jpg
/Users/federicocamarahalac/Documents/mmdb/raw/DSC_0164.JPG,/Users/federicocamarahalac/Documents/mmdb/img/i-42.jpg
/Users/federicocamarahalac/Documents/mmdb/raw/DSC_0165.JPG,/Users/federicocamarahalac/Documents/mmdb/img/i-43.jpg
/Users/federicocamarahalac/Documents/mmdb/raw/DSC_0166.JPG,/Users/federicocamarahalac/Documents/mmdb/img/i-44.jpg
/Users/federicocamarahalac/Documents/mmdb/raw/DSC_0167.JPG,/Users/federicocamarahalac/Documents/mmdb/img/i-45.jpg
/Users/federicocamarahalac/Documents/mmdb/raw/DSC_0168.JPG,/Users/federicocamarahalac/Documents/mmdb/img/i-46.jpg
/Users/federicocamarahalac/Documents/mmdb/raw/DSC_0169.JPG,/Users/federicocamarahalac/Documents/mmdb/img/i-47.jpg
/Users/federicocamarahalac/Documents/mmdb/raw/DSC_0170.JPG,/Users/federicocamarahalac/Documents/mmdb/img/i-48.jpg
/Users/federicocamarahalac/Documents/mmdb/raw/DSC_0171.JPG,/Users/federicocamarahalac/Documents/mmdb/img/i-49.jpg
/Users/federicocamarahalac/Documents/mmdb/raw/DSC_0172.JPG,/Users/federicocamarahalac/Documents/mmdb/img/i-50.jpg
/Users/federicocamarahalac/Documents/mmdb/raw/DSC_0173.JPG,/Users/federicocamarahalac/Documents/mmdb/img/i-51.jpg
/Users/federicocamarahalac/Documents/mmdb/raw/DSC_0174.JPG,/Users/federicocamarahalac/Documents/mmdb/img/i-52.jpg
/Users/federicocamarahalac/Documents/mmdb/raw/DSC_0175.JPG,/Users/federicocamarahalac/Documents/mmdb/img/i-53.jpg
/Users/federicocamarahalac/Documents/mmdb/raw/DSC_0176.JPG,/Users/federicocamarahalac/Documents/mmdb/img/i-54.jpg
/Users/federicocamarahalac/Documents/mmdb/raw/DSC_0177.JPG,/Users/federicocamarahalac/Documents/mmdb/img/i-55.jpg
/Users/federicocamarahalac/Documents/mmdb/raw/DSC_0178.JPG,/Users/federicocamarahalac/Documents/mmdb/img/i-56.jpg
/Users/federicocamarahalac/Documents/mmdb/raw/DSC_0179.JPG,/Users/federicocamarahalac/Documents/mmdb/img/i-57.jpg
/Users/federicocamarahalac/Documents/mmdb/raw/DSC_0180.JPG,/Users/federicocamarahalac/Documents/mmdb/img/i-58.jpg
/Users/federicocamarahalac/Documents/mmdb/raw/DSC_0181.JPG,/Users/federicocamarahalac/Documents/mmdb/img/i-59.jpg
/Users/federicocamarahalac/Documents/mmdb/raw/DSC_0182.JPG,/Users/federicocamarahalac/Documents/mmdb/img/i-60.jpg
/Users/federicocamarahalac/Documents/mmdb/raw/DSC_0183.JPG,/Users/federicocamarahalac/Documents/mmdb/img/i-61.jpg
/Users/federicocamarahalac/Documents/mmdb/raw/DSC_0184.JPG,/Users/federicocamarahalac/Documents/mmdb/img/i-62.jpg
/Users/federicocamarahalac/Documents/mmdb/raw/DSC_0185.JPG,/Users/federicocamarahalac/Documents/mmdb/img/i-63.jpg
/Users/federicocamarahalac/Documents/mmdb/raw/DSC_0186.JPG,/Users/federicocamarahalac/Documents/mmdb/img/i-64.jpg
/Users/federicocamarahalac/Documents/mmdb/raw/DSC_0187.JPG,/Users/federicocamarahalac/Documents/mmdb/img/i-65.jpg
/Users/federicocamarahalac/Documents/mmdb/raw/DSC_0188.JPG,/Users/federicocamarahalac/Documents/mmdb/img/i-66.jpg
/Users/federicocamarahalac/Documents/mmdb/raw/DSC_0189.JPG,/Users/federicocamarahalac/Documents/mmdb/img/i-67.jpg
/Users/federicocamarahalac/Documents/mmdb/raw/DSC_0190.JPG,/Users/federicocamarahalac/Documents/mmdb/img/i-68.jpg
/Users/federicocamarahalac/Documents/mmdb/raw/DSC_0191.JPG,/Users/federicocamarahalac/Documents/mmdb/img/i-69.jpg
/Users/federicocamarahalac/Documents/mmdb/raw/DSC_0192.JPG,/Users/federicocamarahalac/Documents/mmdb/img/i-70.jpg
/Users/federicocamarahalac/Documents/mmdb/raw/DSC_0193.JPG,/Users/federicocamarahalac/Documents/mmdb/img/i-71.jpg
/Users/federicocamarahalac/Documents/mmdb/raw/DSC_0194.JPG,/Users/federicocamarahalac/Documents/mmdb/img/i-72.jpg
/Users/federicocamarahalac/Documents/mmdb/raw/DSC_0195.JPG,/Users/federicocamarahalac/Documents/mmdb/img/i-73.jpg
/Users/federicocamarahalac/Documents/mmdb/raw/DSC_0196.JPG,/Users/federicocamarahalac/Documents/mmdb/img/i-74.jpg
/Users/federicocamarahalac/Documents/mmdb/raw/DSC_0197.JPG,/Users/federicocamarahalac/Documents/mmdb/img/i-75.jpg
/Users/federicocamarahalac/Documents/mmdb/raw/DSC_0198.JPG,/Users/federicocamarahalac/Documents/mmdb/img/i-76.jpg
/Users/federicocamarahalac/Documents/mmdb/raw/DSC_0199.JPG,/Users/federicocamarahalac/Documents/mmdb/img/i-77.jpg
/Users/federicocamarahalac/Documents/mmdb/raw/DSC_0200.JPG,/Users/federicocamarahalac/Documents/mmdb/img/i-78.jpg
/Users/federicocamarahalac/Documents/mmdb/raw/DSC_0201.JPG,/Users/federicocamarahalac/Documents/mmdb/img/i-79.jpg
/Users/federicocamarahalac/Documents/mmdb/raw/DSC_0202.JPG,/Users/federicocamarahalac/Documents/mmdb/img/i-80.jpg
/Users/federicocamarahalac/Documents/mmdb/raw/DSC_0203.JPG,/Users/federicocamarahalac/Documents/mmdb/img/i-81.jpg
/Users/federicocamarahalac/Documents/mmdb/raw/DSC_0204.JPG,/Users/federicocamarahalac/Documents/mmdb/img/i-82.jpg
/Users/federicocamarahalac/Documents/mmdb/raw/DSC_0205.JPG,/Users/federicocamarahalac/Documents/mmdb/img/i-83.jpg
/Users/federicocamarahalac/Documents/mmdb/raw/DSC_0206.JPG,/Users/federicocamarahalac/Documents/mmdb/img/i-84.jpg
/Users/federicocamarahalac/Documents/mmdb/raw/DSC_0207.JPG,/Users/federicocamarahalac/Documents/mmdb/img/i-85.jpg
/Users/federicocamarahalac/Documents/mmdb/raw/DSC_0208.JPG,/Users/federicocamarahalac/Documents/mmdb/img/i-86.jpg
/Users/federicocamarahalac/Documents/mmdb/raw/DSC_0209.JPG,/Users/federicocamarahalac/Documents/mmdb/img/i-87.jpg
/Users/federicocamarahalac/Documents/mmdb/raw/DSC_0210.JPG,/Users/federicocamarahalac/Documents/mmdb/img/i-88.jpg
/Users/federicocamarahalac/Documents/mmdb/raw/DSC_0211.JPG,/Users/federicocamarahalac/Documents/mmdb/img/i-89.jpg
/Users/federicocamarahalac/Documents/mmdb/raw/DSC_0212.JPG,/Users/federicocamarahalac/Documents/mmdb/img/i-90.jpg
/Users/federicocamarahalac/Documents/mmdb/raw/DSC_0213.JPG,/Users/federicocamarahalac/Documents/mmdb/img/i-91.jpg
/Users/federicocamarahalac/Documents/mmdb/raw/DSC_0214.JPG,/Users/federicocamarahalac/Documents/mmdb/img/i-92.jpg
/Users/federicocamarahalac/Documents/mmdb/raw/DSC_0215.JPG,/Users/federicocamarahalac/Documents/mmdb/img/i-93.jpg
/Users/federicocamarahalac/Documents/mmdb/raw/DSC_0216.JPG,/Users/federicocamarahalac/Documents/mmdb/img/i-94.jpg
/Users/federicocamarahalac/Documents/mmdb/raw/DSC_0217.JPG,/Users/federicocamarahalac/Documents/mmdb/img/i-95.jpg
/Users/federicocamarahalac/Documents/mmdb/raw/DSC_0218.JPG,/Users/federicocamarahalac/Documents/mmdb/img/i-96.jpg
/Users/federicocamarahalac/Documents/mmdb/raw/DSC_0219.JPG,/Users/federicocamarahalac/Documents/mmdb/img/i-97.jpg
/Users/federicocamarahalac/Documents/mmdb/raw/DSC_0220.JPG,/Users/federicocamarahalac/Documents/mmdb/img/i-98.jpg
/Users/federicocamarahalac/Documents/mmdb/raw/DSC_0221.JPG,/Users/federicocamarahalac/Documents/mmdb/img/i-99.jpg
/Users/federicocamarahalac/Documents/mmdb/raw/DSC_0222.JPG,/Users/federicocamarahalac/Documents/mmdb/img/i-100.jpg
/Users/federicocamarahalac/Documents/mmdb/raw/DSC_0223.JPG,/Users/federicocamarahalac/Documents/mmdb/img/i-101.jpg
/Users/federicocamarahalac/Documents/mmdb/raw/DSC_0224.JPG,/Users/federicocamarahalac/Documents/mmdb/img/i-102.jpg
/Users/federicocamarahalac/Documents/mmdb/raw/DSC_0225.JPG,/Users/federicocamarahalac/Documents/mmdb/img/i-103.jpg
/Users/federicocamarahalac/Documents/mmdb/raw/DSC_0226.JPG,/Users/federicocamarahalac/Documents/mmdb/img/i-104.jpg
/Users/federicocamarahalac/Documents/mmdb/raw/DSC_0227.JPG,/Users/federicocamarahalac/Documents/mmdb/img/i-105.jpg
/Users/federicocamarahalac/Documents/mmdb/raw/DSC_0228.JPG,/Users/federicocamarahalac/Documents/mmdb/img/i-106.jpg
/Users/federicocamarahalac/Documents/mmdb/raw/DSC_0229.JPG,/Users/federicocamarahalac/Documents/mmdb/img/i-107.jpg
/Users/federicocamarahalac/Documents/mmdb/raw/DSC_0230.JPG,/Users/federicocamarahalac/Documents/mmdb/img/i-108.jpg
/Users/federicocamarahalac/Documents/mmdb/raw/DSC_0231.JPG,/Users/federicocamarahalac/Documents/mmdb/img/i-109.jpg
/Users/federicocamarahalac/Documents/mmdb/raw/DSC_0232.JPG,/Users/federicocamarahalac/Documents/mmdb/img/i-110.jpg
/Users/federicocamarahalac/Documents/mmdb/raw/DSC_0233.JPG,/Users/federicocamarahalac/Documents/mmdb/img/i-111.jpg
/Users/federicocamarahalac/Documents/mmdb/raw/DSC_0234.JPG,/Users/federicocamarahalac/Documents/mmdb/img/i-112.jpg
/Users/federicocamarahalac/Documents/mmdb/raw/DSC_0235.JPG,/Users/federicocamarahalac/Documents/mmdb/img/i-113.jpg
/Users/federicocamarahalac/Documents/mmdb/raw/DSC_0236.JPG,/Users/federicocamarahalac/Documents/mmdb/img/i-114.jpg
/Users/federicocamarahalac/Documents/mmdb/raw/DSC_0237.JPG,/Users/federicocamarahalac/Documents/mmdb/img/i-115.jpg
/Users/federicocamarahalac/Documents/mmdb/raw/DSC_0238.JPG,/Users/federicocamarahalac/Documents/mmdb/img/i-116.jpg
/Users/federicocamarahalac/Documents/mmdb/raw/DSC_0239.JPG,/Users/federicocamarahalac/Documents/mmdb/img/i-117.jpg
/Users/federicocamarahalac/Documents/mmdb/raw/DSC_0240.JPG,/Users/federicocamarahalac/Documents/mmdb/img/i-118.jpg
/Users/federicocamarahalac/Documents/mmdb/raw/DSC_0241.JPG,/Users/federicocamarahalac/Documents/mmdb/img/i-119.jpg
/Users/federicocamarahalac/Documents/mmdb/raw/DSC_0242.JPG,/Users/federicocamarahalac/Documents/mmdb/img/i-120.jpg
/Users/federicocamarahalac/Documents/mmdb/raw/DSC_0243.JPG,/Users/federicocamarahalac/Documents/mmdb/img/i-121.jpg
/Users/federicocamarahalac/Documents/mmdb/raw/DSC_0244.JPG,/Users/federicocamarahalac/Documents/mmdb/img/i-122.jpg
/Users/federicocamarahalac/Documents/mmdb/raw/DSC_0245.JPG,/Users/federicocamarahalac/Documents/mmdb/img/i-123.jpg
/Users/federicocamarahalac/Documents/mmdb/raw/DSC_0246.JPG,/Users/federicocamarahalac/Documents/mmdb/img/i-124.jpg
/Users/federicocamarahalac/Documents/mmdb/raw/DSC_0247.JPG,/Users/federicocamarahalac/Documents/mmdb/img/i-125.jpg
/Users/federicocamarahalac/Documents/mmdb/raw/DSC_0248.JPG,/Users/federicocamarahalac/Documents/mmdb/img/i-126.jpg
/Users/federicocamarahalac/Documents/mmdb/raw/DSC_0249.JPG,/Users/federicocamarahalac/Documents/mmdb/img/i-127.jpg
/Users/federicocamarahalac/Documents/mmdb/raw/DSC_0250.JPG,/Users/federicocamarahalac/Documents/mmdb/img/i-128.jpg
/Users/federicocamarahalac/Documents/mmdb/raw/DSC_0251.JPG,/Users/federicocamarahalac/Documents/mmdb/img/i-129.jpg
/Users/federicocamarahalac/Documents/mmdb/raw/DSC_0252.JPG,/Users/federicocamarahalac/Documents/mmdb/img/i-130.jpg
/Users/federicocamarahalac/Documents/mmdb/raw/DSC_0253.JPG,/Users/federicocamarahalac/Documents/mmdb/img/i-131.jpg
/Users/federicocamarahalac/Documents/mmdb/raw/DSC_0254.JPG,/Users/federicocamarahalac/Documents/mmdb/img/i-132.jpg
/Users/federicocamarahalac/Documents/mmdb/raw/DSC_0255.JPG,/Users/federicocamarahalac/Documents/mmdb/img/i-133.jpg
/Users/federicocamarahalac/Documents/mmdb/raw/DSC_0256.JPG,/Users/federicocamarahalac/Documents/mmdb/img/i-134.jpg
/Users/federicocamarahalac/Documents/mmdb/raw/DSC_0257.JPG,/Users/federicocamarahalac/Documents/mmdb/img/i-135.jpg
/Users/federicocamarahalac/Documents/mmdb/raw/DSC_0258.JPG,/Users/federicocamarahalac/Documents/mmdb/img/i-136.jpg
/Users/federicocamarahalac/Documents/mmdb/raw/DSC_0259.JPG,/Users/federicocamarahalac/Documents/mmdb/img/i-137.jpg
/Users/federicocamarahalac/Documents/mmdb/raw/DSC_0260.JPG,/Users/federicocamarahalac/Documents/mmdb/img/i-138.jpg
/Users/federicocamarahalac/Documents/mmdb/raw/DSC_0261.JPG,/Users/federicocamarahalac/Documents/mmdb/img/i-139.jpg
/Users/federicocamarahalac/Documents/mmdb/raw/DSC_0262.JPG,/Users/federicocamarahalac/Documents/mmdb/img/i-140.jpg
/Users/federicocamarahalac/Documents/mmdb/raw/DSC_0263.JPG,/Users/federicocamarahalac/Documents/mmdb/img/i-141.jpg
/Users/federicocamarahalac/Documents/mmdb/raw/DSC_0264.JPG,/Users/federicocamarahalac/Documents/mmdb/img/i-142.jpg
/Users/federicocamarahalac/Documents/mmdb/raw/DSC_0265.JPG,/Users/federicocamarahalac/Documents/mmdb/img/i-143.jpg
/Users/federicocamarahalac/Documents/mmdb/raw/DSC_0266.JPG,/Users/federicocamarahalac/Documents/mmdb/img/i-144.jpg
/Users/federicocamarahalac/Documents/mmdb/raw/DSC_0267.JPG,/Users/federicocamarahalac/Documents/mmdb/img/i-145.jpg
/Users/federicocamarahalac/Documents/mmdb/raw/DSC_0268.JPG,/Users/federicocamarahalac/Documents/mmdb/img/i-146.jpg
/Users/federicocamarahalac/Documents/mmdb/raw/DSC_0269.JPG,/Users/federicocamarahalac/Documents/mmdb/img/i-147.jpg
/Users/federicocamarahalac/Documents/mmdb/raw/DSC_0270.JPG,/Users/federicocamarahalac/Documents/mmdb/img/i-148.jpg
/Users/federicocamarahalac/Documents/mmdb/raw/DSC_0271.JPG,/Users/federicocamarahalac/Documents/mmdb/img/i-149.jpg
/Users/federicocamarahalac/Documents/mmdb/raw/DSC_0272.JPG,/Users/federicocamarahalac/Documents/mmdb/img/i-150.jpg
/Users/federicocamarahalac/Documents/mmdb/raw/DSC_0273.JPG,/Users/federicocamarahalac/Documents/mmdb/img/i-151.jpg
/Users/federicocamarahalac/Documents/mmdb/raw/DSC_0274.JPG,/Users/federicocamarahalac/Documents/mmdb/img/i-152.jpg
/Users/federicocamarahalac/Documents/mmdb/raw/DSC_0275.JPG,/Users/federicocamarahalac/Documents/mmdb/img/i-153.jpg
/Users/federicocamarahalac/Documents/mmdb/raw/DSC_0276.JPG,/Users/federicocamarahalac/Documents/mmdb/img/i-154.jpg
/Users/federicocamarahalac/Documents/mmdb/raw/DSC_0277.JPG,/Users/federicocamarahalac/Documents/mmdb/img/i-155.jpg
/Users/federicocamarahalac/Documents/mmdb/raw/DSC_0278.JPG,/Users/federicocamarahalac/Documents/mmdb/img/i-156.jpg
/Users/federicocamarahalac/Documents/mmdb/raw/DSC_0279.JPG,/Users/federicocamarahalac/Documents/mmdb/img/i-157.jpg
/Users/federicocamarahalac/Documents/mmdb/raw/DSC_0280.JPG,/Users/federicocamarahalac/Documents/mmdb/img/i-158.jpg
/Users/federicocamarahalac/Documents/mmdb/raw/DSC_0281.JPG,/Users/federicocamarahalac/Documents/mmdb/img/i-159.jpg
/Users/federicocamarahalac/Documents/mmdb/raw/DSC_0282.JPG,/Users/federicocamarahalac/Documents/mmdb/img/i-160.jpg
/Users/federicocamarahalac/Documents/mmdb/raw/DSC_0283.JPG,/Users/federicocamarahalac/Documents/mmdb/img/i-161.jpg
/Users/federicocamarahalac/Documents/mmdb/raw/DSC_0284.JPG,/Users/federicocamarahalac/Documents/mmdb/img/i-162.jpg
/Users/federicocamarahalac/Documents/mmdb/raw/DSC_0285.JPG,/Users/federicocamarahalac/Documents/mmdb/img/i-163.jpg
/Users/federicocamarahalac/Documents/mmdb/raw/DSC_0286.JPG,/Users/federicocamarahalac/Documents/mmdb/img/i-164.jpg
/Users/federicocamarahalac/Documents/mmdb/raw/DSC_0287.JPG,/Users/federicocamarahalac/Documents/mmdb/img/i-165.jpg
/Users/federicocamarahalac/Documents/mmdb/raw/DSC_0288.JPG,/Users/federicocamarahalac/Documents/mmdb/img/i-166.jpg
/Users/federicocamarahalac/Documents/mmdb/raw/DSC_0289.JPG,/Users/federicocamarahalac/Documents/mmdb/img/i-167.jpg
/Users/federicocamarahalac/Documents/mmdb/raw/DSC_0290.JPG,/Users/federicocamarahalac/Documents/mmdb/img/i-168.jpg
/Users/federicocamarahalac/Documents/mmdb/raw/DSC_0291.JPG,/Users/federicocamarahalac/Documents/mmdb/img/i-169.jpg
/Users/federicocamarahalac/Documents/mmdb/raw/DSC_0292.JPG,/Users/federicocamarahalac/Documents/mmdb/img/i-170.jpg
/Users/federicocamarahalac/Documents/mmdb/raw/DSC_0293.JPG,/Users/federicocamarahalac/Documents/mmdb/img/i-171.jpg
/Users/federicocamarahalac/Documents/mmdb/raw/DSC_0294.JPG,/Users/federicocamarahalac/Documents/mmdb/img/i-172.jpg
/Users/federicocamarahalac/Documents/mmdb/raw/DSC_0295.JPG,/Users/federicocamarahalac/Documents/mmdb/img/i-173.jpg
/Users/federicocamarahalac/Documents/mmdb/raw/DSC_0296.JPG,/Users/federicocamarahalac/Documents/mmdb/img/i-174.jpg
/Users/federicocamarahalac/Documents/mmdb/raw/DSC_0297.JPG,/Users/federicocamarahalac/Documents/mmdb/img/i-175.jpg
/Users/federicocamarahalac/Documents/mmdb/raw/DSC_0298.JPG,/Users/federicocamarahalac/Documents/mmdb/img/i-176.jpg
/Users/federicocamarahalac/Documents/mmdb/raw/DSC_0299.JPG,/Users/federicocamarahalac/Documents/mmdb/img/i-177.jpg
/Users/federicocamarahalac/Documents/mmdb/raw/DSC_0300.JPG,/Users/federicocamarahalac/Documents/mmdb/img/i-178.jpg
/Users/federicocamarahalac/Documents/mmdb/raw/DSC_0301.JPG,/Users/federicocamarahalac/Documents/mmdb/img/i-179.jpg
/Users/federicocamarahalac/Documents/mmdb/raw/DSC_0302.JPG,/Users/federicocamarahalac/Documents/mmdb/img/i-180.jpg
/Users/federicocamarahalac/Documents/mmdb/raw/DSC_0303.JPG,/Users/federicocamarahalac/Documents/mmdb/img/i-181.jpg
/Users/federicocamarahalac/Documents/mmdb/raw/DSC_0304.JPG,/Users/federicocamarahalac/Documents/mmdb/img/i-182.jpg
/Users/federicocamarahalac/Documents/mmdb/raw/DSC_0305.JPG,/Users/federicocamarahalac/Documents/mmdb/img/i-183.jpg
/Users/federicocamarahalac/Documents/mmdb/raw/DSC_0306.JPG,/Users/federicocamarahalac/Documents/mmdb/img/i-184.jpg
/Users/federicocamarahalac/Documents/mmdb/raw/DSC_0307.JPG,/Users/federicocamarahalac/Documents/mmdb/img/i-185.jpg
/Users/federicocamarahalac/Documents/mmdb/raw/DSC_0308.JPG,/Users/federicocamarahalac/Documents/mmdb/img/i-186.jpg
/Users/federicocamarahalac/Documents/mmdb/raw/DSC_0309.JPG,/Users/federicocamarahalac/Documents/mmdb/img/i-187.jpg
/Users/federicocamarahalac/Documents/mmdb/raw/DSC_0310.JPG,/Users/federicocamarahalac/Documents/mmdb/img/i-188.jpg
/Users/federicocamarahalac/Documents/mmdb/raw/DSC_0311.JPG,/Users/federicocamarahalac/Documents/mmdb/img/i-189.jpg
/Users/federicocamarahalac/Documents/mmdb/raw/DSC_0312.JPG,/Users/federicocamarahalac/Documents/mmdb/img/i-190.jpg
/Users/federicocamarahalac/Documents/mmdb/raw/DSC_0313.JPG,/Users/federicocamarahalac/Documents/mmdb/img/i-191.jpg
/Users/federicocamarahalac/Documents/mmdb/raw/DSC_0314.JPG,/Users/federicocamarahalac/Documents/mmdb/img/i-192.jpg
/Users/federicocamarahalac/Documents/mmdb/raw/DSC_0315.JPG,/Users/federicocamarahalac/Documents/mmdb/img/i-193.jpg
/Users/federicocamarahalac/Documents/mmdb/raw/DSC_0316.JPG,/Users/federicocamarahalac/Documents/mmdb/img/i-194.jpg
/Users/federicocamarahalac/Documents/mmdb/raw/DSC_0317.JPG,/Users/federicocamarahalac/Documents/mmdb/img/i-195.jpg
/Users/federicocamarahalac/Documents/mmdb/raw/DSC_0318.JPG,/Users/federicocamarahalac/Documents/mmdb/img/i-196.jpg
/Users/federicocamarahalac/Documents/mmdb/raw/DSC_0319.JPG,/Users/federicocamarahalac/Documents/mmdb/img/i-197.jpg
/Users/federicocamarahalac/Documents/mmdb/raw/DSC_0320.JPG,/Users/federicocamarahalac/Documents/mmdb/img/i-198.jpg
/Users/federicocamarahalac/Documents/mmdb/raw/DSC_0321.JPG,/Users/federicocamarahalac/Documents/mmdb/img/i-199.jpg
/Users/federicocamarahalac/Documents/mmdb/raw/DSC_0322.JPG,/Users/federicocamarahalac/Documents/mmdb/img/i-200.jpg
/Users/federicocamarahalac/Documents/mmdb/raw/DSC_0323.JPG,/Users/federicocamarahalac/Documents/mmdb/img/i-201.jpg
/Users/federicocamarahalac/Documents/mmdb/raw/DSC_0324.JPG,/Users/federicocamarahalac/Documents/mmdb/img/i-202.jpg
/Users/federicocamarahalac/Documents/mmdb/raw/DSC_0325.JPG,/Users/federicocamarahalac/Documents/mmdb/img/i-203.jpg
/Users/federicocamarahalac/Documents/mmdb/raw/DSC_0326.JPG,/Users/federicocamarahalac/Documents/mmdb/img/i-204.jpg
/Users/federicocamarahalac/Documents/mmdb/raw/DSC_0327.JPG,/Users/federicocamarahalac/Documents/mmdb/img/i-205.jpg
/Users/federicocamarahalac/Documents/mmdb/raw/DSC_0328.JPG,/Users/federicocamarahalac/Documents/mmdb/img/i-206.jpg
/Users/federicocamarahalac/Documents/mmdb/raw/DSC_0329.JPG,/Users/federicocamarahalac/Documents/mmdb/img/i-207.jpg
/Users/federicocamarahalac/Documents/mmdb/raw/DSC_0330.JPG,/Users/federicocamarahalac/Documents/mmdb/img/i-208.jpg
/Users/federicocamarahalac/Documents/mmdb/raw/DSC_0331.JPG,/Users/federicocamarahalac/Documents/mmdb/img/i-209.jpg
/Users/federicocamarahalac/Documents/mmdb/raw/DSC_0332.JPG,/Users/federicocamarahalac/Documents/mmdb/img/i-210.jpg
/Users/federicocamarahalac/Documents/mmdb/raw/DSC_0333.JPG,/Users/federicocamarahalac/Documents/mmdb/img/i-211.jpg
/Users/federicocamarahalac/Documents/mmdb/raw/DSC_0334.JPG,/Users/federicocamarahalac/Documents/mmdb/img/i-212.jpg
/Users/federicocamarahalac/Documents/mmdb/raw/DSC_0335.JPG,/Users/federicocamarahalac/Documents/mmdb/img/i-213.jpg
/Users/federicocamarahalac/Documents/mmdb/raw/DSC_0336.JPG,/Users/federicocamarahalac/Documents/mmdb/img/i-214.jpg
/Users/federicocamarahalac/Documents/mmdb/raw/DSC_0337.JPG,/Users/federicocamarahalac/Documents/mmdb/img/i-215.jpg
/Users/federicocamarahalac/Documents/mmdb/raw/DSC_0338.JPG,/Users/federicocamarahalac/Documents/mmdb/img/i-216.jpg
/Users/federicocamarahalac/Documents/mmdb/raw/DSC_0339.JPG,/Users/federicocamarahalac/Documents/mmdb/img/i-217.jpg
/Users/federicocamarahalac/Documents/mmdb/raw/DSC_0340.JPG,/Users/federicocamarahalac/Documents/mmdb/img/i-218.jpg
/Users/federicocamarahalac/Documents/mmdb/raw/DSC_0341.JPG,/Users/federicocamarahalac/Documents/mmdb/img/i-219.jpg
/Users/federicocamarahalac/Documents/mmdb/raw/DSC_0342.JPG,/Users/federicocamarahalac/Documents/mmdb/img/i-220.jpg
/Users/federicocamarahalac/Documents/mmdb/raw/DSC_0343.JPG,/Users/federicocamarahalac/Documents/mmdb/img/i-221.jpg
/Users/federicocamarahalac/Documents/mmdb/raw/DSC_0344.JPG,/Users/federicocamarahalac/Documents/mmdb/img/i-222.jpg
/Users/federicocamarahalac/Documents/mmdb/raw/DSC_0345.JPG,/Users/federicocamarahalac/Documents/mmdb/img/i-223.jpg
/Users/federicocamarahalac/Documents/mmdb/raw/DSC_0346.JPG,/Users/federicocamarahalac/Documents/mmdb/img/i-224.jpg
/Users/federicocamarahalac/Documents/mmdb/raw/DSC_0347.JPG,/Users/federicocamarahalac/Documents/mmdb/img/i-225.jpg
/Users/federicocamarahalac/Documents/mmdb/raw/DSC_0348.JPG,/Users/federicocamarahalac/Documents/mmdb/img/i-226.jpg
/Users/federicocamarahalac/Documents/mmdb/raw/DSC_0349.JPG,/Users/federicocamarahalac/Documents/mmdb/img/i-227.jpg
/Users/federicocamarahalac/Documents/mmdb/raw/DSC_0350.JPG,/Users/federicocamarahalac/Documents/mmdb/img/i-228.jpg
/Users/federicocamarahalac/Documents/mmdb/raw/DSC_0351.JPG,/Users/federicocamarahalac/Documents/mmdb/img/i-229.jpg
/Users/federicocamarahalac/Documents/mmdb/raw/DSC_0352.JPG,/Users/federicocamarahalac/Documents/mmdb/img/i-230.jpg
/Users/federicocamarahalac/Documents/mmdb/raw/DSC_0353.JPG,/Users/federicocamarahalac/Documents/mmdb/img/i-231.jpg
/Users/federicocamarahalac/Documents/mmdb/raw/DSC_0354.JPG,/Users/federicocamarahalac/Documents/mmdb/img/i-232.jpg
/Users/federicocamarahalac/Documents/mmdb/raw/DSC_0355.JPG,/Users/federicocamarahalac/Documents/mmdb/img/i-233.jpg
/Users/federicocamarahalac/Documents/mmdb/raw/DSC_0356.JPG,/Users/federicocamarahalac/Documents/mmdb/img/i-234.jpg
/Users/federicocamarahalac/Documents/mmdb/raw/DSC_0358.JPG,/Users/federicocamarahalac/Documents/mmdb/img/i-235.jpg
/Users/federicocamarahalac/Documents/mmdb/raw/DSC_0359.JPG,/Users/federicocamarahalac/Documents/mmdb/img/i-236.jpg
/Users/federicocamarahalac/Documents/mmdb/raw/DSC_0360.JPG,/Users/federicocamarahalac/Documents/mmdb/img/i-237.jpg
/Users/federicocamarahalac/Documents/mmdb/raw/DSC_0361.JPG,/Users/federicocamarahalac/Documents/mmdb/img/i-238.jpg
/Users/federicocamarahalac/Documents/mmdb/raw/DSC_0362.JPG,/Users/federicocamarahalac/Documents/mmdb/img/i-239.jpg
/Users/federicocamarahalac/Documents/mmdb/raw/DSC_0363.JPG,/Users/federicocamarahalac/Documents/mmdb/img/i-240.jpg
/Users/federicocamarahalac/Documents/mmdb/raw/DSC_0364.JPG,/Users/federicocamarahalac/Documents/mmdb/img/i-241.jpg
/Users/federicocamarahalac/Documents/mmdb/raw/DSC_0365.JPG,/Users/federicocamarahalac/Documents/mmdb/img/i-242.jpg
/Users/federicocamarahalac/Documents/mmdb/raw/DSC_0366.JPG,/Users/federicocamarahalac/Documents/mmdb/img/i-243.jpg
/Users/federicocamarahalac/Documents/mmdb/raw/DSC_0367.JPG,/Users/federicocamarahalac/Documents/mmdb/img/i-244.jpg
/Users/federicocamarahalac/Documents/mmdb/raw/DSC_0368.JPG,/Users/federicocamarahalac/Documents/mmdb/img/i-245.jpg
/Users/federicocamarahalac/Documents/mmdb/raw/DSC_0369.JPG,/Users/federicocamarahalac/Documents/mmdb/img/i-246.jpg
/Users/federicocamarahalac/Documents/mmdb/raw/DSC_0370.JPG,/Users/federicocamarahalac/Documents/mmdb/img/i-247.jpg
/Users/federicocamarahalac/Documents/mmdb/raw/DSC_0371.JPG,/Users/federicocamarahalac/Documents/mmdb/img/i-248.jpg
/Users/federicocamarahalac/Documents/mmdb/raw/DSC_0372.JPG,/Users/federicocamarahalac/Documents/mmdb/img/i-249.jpg
/Users/federicocamarahalac/Documents/mmdb/raw/DSC_0373.JPG,/Users/federicocamarahalac/Documents/mmdb/img/i-250.jpg
/Users/federicocamarahalac/Documents/mmdb/raw/DSC_0374.JPG,/Users/federicocamarahalac/Documents/mmdb/img/i-251.jpg
/Users/federicocamarahalac/Documents/mmdb/raw/DSC_0375.JPG,/Users/federicocamarahalac/Documents/mmdb/img/i-252.jpg
/Users/federicocamarahalac/Documents/mmdb/raw/DSC_0376.JPG,/Users/federicocamarahalac/Documents/mmdb/img/i-253.jpg
/Users/federicocamarahalac/Documents/mmdb/raw/DSC_0377.JPG,/Users/federicocamarahalac/Documents/mmdb/img/i-254.jpg
/Users/federicocamarahalac/Documents/mmdb/raw/DSC_0378.JPG,/Users/federicocamarahalac/Documents/mmdb/img/i-255.jpg
/Users/federicocamarahalac/Documents/mmdb/raw/DSC_0379.JPG,/Users/federicocamarahalac/Documents/mmdb/img/i-256.jpg
/Users/federicocamarahalac/Documents/mmdb/raw/DSC_0380.JPG,/Users/federicocamarahalac/Documents/mmdb/img/i-257.jpg
/Users/federicocamarahalac/Documents/mmdb/raw/DSC_0381.JPG,/Users/federicocamarahalac/Documents/mmdb/img/i-258.jpg
/Users/federicocamarahalac/Documents/mmdb/raw/DSC_0382.JPG,/Users/federicocamarahalac/Documents/mmdb/img/i-259.jpg
/Users/federicocamarahalac/Documents/mmdb/raw/DSC_0383.JPG,/Users/federicocamarahalac/Documents/mmdb/img/i-260.jpg
/Users/federicocamarahalac/Documents/mmdb/raw/DSC_0384.JPG,/Users/federicocamarahalac/Documents/mmdb/img/i-261.jpg
/Users/federicocamarahalac/Documents/mmdb/raw/DSC_0385.JPG,/Users/federicocamarahalac/Documents/mmdb/img/i-262.jpg
/Users/federicocamarahalac/Documents/mmdb/raw/DSC_0386.JPG,/Users/federicocamarahalac/Documents/mmdb/img/i-263.jpg
/Users/federicocamarahalac/Documents/mmdb/raw/DSC_0387.JPG,/Users/federicocamarahalac/Documents/mmdb/img/i-264.jpg
/Users/federicocamarahalac/Documents/mmdb/raw/DSC_0388.JPG,/Users/federicocamarahalac/Documents/mmdb/img/i-265.jpg
/Users/federicocamarahalac/Documents/mmdb/raw/DSC_0389.JPG,/Users/federicocamarahalac/Documents/mmdb/img/i-266.jpg
/Users/federicocamarahalac/Documents/mmdb/raw/DSC_0390.JPG,/Users/federicocamarahalac/Documents/mmdb/img/i-267.jpg
/Users/federicocamarahalac/Documents/mmdb/raw/DSC_0391.JPG,/Users/federicocamarahalac/Documents/mmdb/img/i-268.jpg
/Users/federicocamarahalac/Documents/mmdb/raw/DSC_0392.JPG,/Users/federicocamarahalac/Documents/mmdb/img/i-269.jpg
/Users/federicocamarahalac/Documents/mmdb/raw/DSC_0393.JPG,/Users/federicocamarahalac/Documents/mmdb/img/i-270.jpg
/Users/federicocamarahalac/Documents/mmdb/raw/DSC_0394.JPG,/Users/federicocamarahalac/Documents/mmdb/img/i-271.jpg
/Users/federicocamarahalac/Documents/mmdb/raw/DSC_0395.JPG,/Users/federicocamarahalac/Documents/mmdb/img/i-272.jpg
/Users/federicocamarahalac/Documents/mmdb/raw/DSC_0396.JPG,/Users/federicocamarahalac/Documents/mmdb/img/i-273.jpg
/Users/federicocamarahalac/Documents/mmdb/raw/DSC_0397.JPG,/Users/federicocamarahalac/Documents/mmdb/img/i-274.jpg
/Users/federicocamarahalac/Documents/mmdb/raw/DSC_0398.JPG,/Users/federicocamarahalac/Documents/mmdb/img/i-275.jpg
/Users/federicocamarahalac/Documents/mmdb/raw/DSC_0399.JPG,/Users/federicocamarahalac/Documents/mmdb/img/i-276.jpg
/Users/federicocamarahalac/Documents/mmdb/raw/DSC_0400.JPG,/Users/federicocamarahalac/Documents/mmdb/img/i-277.jpg
/Users/federicocamarahalac/Documents/mmdb/raw/DSC_0401.JPG,/Users/federicocamarahalac/Documents/mmdb/img/i-278.jpg
/Users/federicocamarahalac/Documents/mmdb/raw/DSC_0402.JPG,/Users/federicocamarahalac/Documents/mmdb/img/i-279.jpg
/Users/federicocamarahalac/Documents/mmdb/raw/DSC_0403.JPG,/Users/federicocamarahalac/Documents/mmdb/img/i-280.jpg
/Users/federicocamarahalac/Documents/mmdb/raw/DSC_0404.JPG,/Users/federicocamarahalac/Documents/mmdb/img/i-281.jpg
/Users/federicocamarahalac/Documents/mmdb/raw/DSC_0405.JPG,/Users/federicocamarahalac/Documents/mmdb/img/i-282.jpg
/Users/federicocamarahalac/Documents/mmdb/raw/DSC_0406.JPG,/Users/federicocamarahalac/Documents/mmdb/img/i-283.jpg
/Users/federicocamarahalac/Documents/mmdb/raw/DSC_0407.JPG,/Users/federicocamarahalac/Documents/mmdb/img/i-284.jpg
/Users/federicocamarahalac/Documents/mmdb/raw/DSC_0408.JPG,/Users/federicocamarahalac/Documents/mmdb/img/i-285.jpg
/Users/federicocamarahalac/Documents/mmdb/raw/DSC_0409.JPG,/Users/federicocamarahalac/Documents/mmdb/img/i-286.jpg
/Users/federicocamarahalac/Documents/mmdb/raw/DSC_0410.JPG,/Users/federicocamarahalac/Documents/mmdb/img/i-287.jpg
/Users/federicocamarahalac/Documents/mmdb/raw/DSC_0411.JPG,/Users/federicocamarahalac/Documents/mmdb/img/i-288.jpg
/Users/federicocamarahalac/Documents/mmdb/raw/DSC_0412.JPG,/Users/federicocamarahalac/Documents/mmdb/img/i-289.jpg
/Users/federicocamarahalac/Documents/mmdb/raw/DSC_0413.JPG,/Users/federicocamarahalac/Documents/mmdb/img/i-290.jpg
/Users/federicocamarahalac/Documents/mmdb/raw/DSC_0414.JPG,/Users/federicocamarahalac/Documents/mmdb/img/i-291.jpg
/Users/federicocamarahalac/Documents/mmdb/raw/DSC_0415.JPG,/Users/federicocamarahalac/Documents/mmdb/img/i-292.jpg
/Users/federicocamarahalac/Documents/mmdb/raw/DSC_0416.JPG,/Users/federicocamarahalac/Documents/mmdb/img/i-293.jpg
/Users/federicocamarahalac/Documents/mmdb/raw/DSC_0417.JPG,/Users/federicocamarahalac/Documents/mmdb/img/i-294.jpg
/Users/federicocamarahalac/Documents/mmdb/raw/DSC_0418.JPG,/Users/federicocamarahalac/Documents/mmdb/img/i-295.jpg
/Users/federicocamarahalac/Documents/mmdb/raw/DSC_0419.JPG,/Users/federicocamarahalac/Documents/mmdb/img/i-296.jpg
/Users/federicocamarahalac/Documents/mmdb/raw/DSC_0420.JPG,/Users/federicocamarahalac/Documents/mmdb/img/i-297.jpg
/Users/federicocamarahalac/Documents/mmdb/raw/DSC_0421.JPG,/Users/federicocamarahalac/Documents/mmdb/img/i-298.jpg
/Users/federicocamarahalac/Documents/mmdb/raw/DSC_0422.JPG,/Users/federicocamarahalac/Documents/mmdb/img/i-299.jpg
/Users/federicocamarahalac/Documents/mmdb/raw/DSC_0423.JPG,/Users/federicocamarahalac/Documents/mmdb/img/i-300.jpg
/Users/federicocamarahalac/Documents/mmdb/raw/DSC_0424.JPG,/Users/federicocamarahalac/Documents/mmdb/img/i-301.jpg
/Users/federicocamarahalac/Documents/mmdb/raw/DSC_0425.JPG,/Users/federicocamarahalac/Documents/mmdb/img/i-302.jpg
/Users/federicocamarahalac/Documents/mmdb/raw/DSC_0426.JPG,/Users/federicocamarahalac/Documents/mmdb/img/i-303.jpg
/Users/federicocamarahalac/Documents/mmdb/raw/DSC_0427.JPG,/Users/federicocamarahalac/Documents/mmdb/img/i-304.jpg
/Users/federicocamarahalac/Documents/mmdb/raw/DSC_0428.JPG,/Users/federicocamarahalac/Documents/mmdb/img/i-305.jpg
/Users/federicocamarahalac/Documents/mmdb/raw/DSC_0429.JPG,/Users/federicocamarahalac/Documents/mmdb/img/i-306.jpg
/Users/federicocamarahalac/Documents/mmdb/raw/DSC_0430.JPG,/Users/federicocamarahalac/Documents/mmdb/img/i-307.jpg
/Users/federicocamarahalac/Documents/mmdb/raw/DSC_0431.JPG,/Users/federicocamarahalac/Documents/mmdb/img/i-308.jpg
/Users/federicocamarahalac/Documents/mmdb/raw/DSC_0432.JPG,/Users/federicocamarahalac/Documents/mmdb/img/i-309.jpg
/Users/federicocamarahalac/Documents/mmdb/raw/DSC_0433.JPG,/Users/federicocamarahalac/Documents/mmdb/img/i-310.jpg
/Users/federicocamarahalac/Documents/mmdb/raw/DSC_0434.JPG,/Users/federicocamarahalac/Documents/mmdb/img/i-311.jpg
/Users/federicocamarahalac/Documents/mmdb/raw/DSC_0435.JPG,/Users/federicocamarahalac/Documents/mmdb/img/i-312.jpg
/Users/federicocamarahalac/Documents/mmdb/raw/DSC_0436.JPG,/Users/federicocamarahalac/Documents/mmdb/img/i-313.jpg
/Users/federicocamarahalac/Documents/mmdb/raw/DSC_0437.JPG,/Users/federicocamarahalac/Documents/mmdb/img/i-314.jpg
/Users/federicocamarahalac/Documents/mmdb/raw/DSC_0438.JPG,/Users/federicocamarahalac/Documents/mmdb/img/i-315.jpg
/Users/federicocamarahalac/Documents/mmdb/raw/DSC_0439.JPG,/Users/federicocamarahalac/Documents/mmdb/img/i-316.jpg
/Users/federicocamarahalac/Documents/mmdb/raw/DSC_0440.JPG,/Users/federicocamarahalac/Documents/mmdb/img/i-317.jpg
/Users/federicocamarahalac/Documents/mmdb/raw/DSC_0441.JPG,/Users/federicocamarahalac/Documents/mmdb/img/i-318.jpg
/Users/federicocamarahalac/Documents/mmdb/raw/DSC_0442.JPG,/Users/federicocamarahalac/Documents/mmdb/img/i-319.jpg
/Users/federicocamarahalac/Documents/mmdb/raw/DSC_0443.JPG,/Users/federicocamarahalac/Documents/mmdb/img/i-320.jpg
/Users/federicocamarahalac/Documents/mmdb/raw/DSC_0444.JPG,/Users/federicocamarahalac/Documents/mmdb/img/i-321.jpg
/Users/federicocamarahalac/Documents/mmdb/raw/DSC_0445.JPG,/Users/federicocamarahalac/Documents/mmdb/img/i-322.jpg
/Users/federicocamarahalac/Documents/mmdb/raw/DSC_0446.JPG,/Users/federicocamarahalac/Documents/mmdb/img/i-323.jpg
/Users/federicocamarahalac/Documents/mmdb/raw/DSC_0447.JPG,/Users/federicocamarahalac/Documents/mmdb/img/i-324.jpg
/Users/federicocamarahalac/Documents/mmdb/raw/DSC_0448.JPG,/Users/federicocamarahalac/Documents/mmdb/img/i-325.jpg
/Users/federicocamarahalac/Documents/mmdb/raw/DSC_0449.JPG,/Users/federicocamarahalac/Documents/mmdb/img/i-326.jpg
/Users/federicocamarahalac/Documents/mmdb/raw/DSC_0450.JPG,/Users/federicocamarahalac/Documents/mmdb/img/i-327.jpg
/Users/federicocamarahalac/Documents/mmdb/raw/DSC_0451.JPG,/Users/federicocamarahalac/Documents/mmdb/img/i-328.jpg
/Users/federicocamarahalac/Documents/mmdb/raw/DSC_0452.JPG,/Users/federicocamarahalac/Documents/mmdb/img/i-329.jpg
/Users/federicocamarahalac/Documents/mmdb/raw/DSC_0453.JPG,/Users/federicocamarahalac/Documents/mmdb/img/i-330.jpg
/Users/federicocamarahalac/Documents/mmdb/raw/DSC_0454.JPG,/Users/federicocamarahalac/Documents/mmdb/img/i-331.jpg
/Users/federicocamarahalac/Documents/mmdb/raw/DSC_0455.JPG,/Users/federicocamarahalac/Documents/mmdb/img/i-332.jpg
/Users/federicocamarahalac/Documents/mmdb/raw/DSC_0456.JPG,/Users/federicocamarahalac/Documents/mmdb/img/i-333.jpg
/Users/federicocamarahalac/Documents/mmdb/raw/DSC_0457.JPG,/Users/federicocamarahalac/Documents/mmdb/img/i-334.jpg
/Users/federicocamarahalac/Documents/mmdb/raw/DSC_0458.JPG,/Users/federicocamarahalac/Documents/mmdb/img/i-335.jpg
/Users/federicocamarahalac/Documents/mmdb/raw/DSC_0459.JPG,/Users/federicocamarahalac/Documents/mmdb/img/i-336.jpg
/Users/federicocamarahalac/Documents/mmdb/raw/DSC_0460.JPG,/Users/federicocamarahalac/Documents/mmdb/img/i-337.jpg
/Users/federicocamarahalac/Documents/mmdb/raw/DSC_0461.JPG,/Users/federicocamarahalac/Documents/mmdb/img/i-338.jpg
/Users/federicocamarahalac/Documents/mmdb/raw/DSC_0462.JPG,/Users/federicocamarahalac/Documents/mmdb/img/i-339.jpg
/Users/federicocamarahalac/Documents/mmdb/raw/DSC_0463.JPG,/Users/federicocamarahalac/Documents/mmdb/img/i-340.jpg
/Users/federicocamarahalac/Documents/mmdb/raw/DSC_0464.JPG,/Users/federicocamarahalac/Documents/mmdb/img/i-341.jpg
/Users/federicocamarahalac/Documents/mmdb/raw/DSC_0465.JPG,/Users/federicocamarahalac/Documents/mmdb/img/i-342.jpg
/Users/federicocamarahalac/Documents/mmdb/raw/DSC_0466.JPG,/Users/federicocamarahalac/Documents/mmdb/img/i-343.jpg
/Users/federicocamarahalac/Documents/mmdb/raw/DSC_0467.JPG,/Users/federicocamarahalac/Documents/mmdb/img/i-344.jpg
/Users/federicocamarahalac/Documents/mmdb/raw/DSC_0468.JPG,/Users/federicocamarahalac/Documents/mmdb/img/i-345.jpg
/Users/federicocamarahalac/Documents/mmdb/raw/DSC_0469.JPG,/Users/federicocamarahalac/Documents/mmdb/img/i-346.jpg
/Users/federicocamarahalac/Documents/mmdb/raw/DSC_0470.JPG,/Users/federicocamarahalac/Documents/mmdb/img/i-347.jpg
/Users/federicocamarahalac/Documents/mmdb/raw/DSC_0471.JPG,/Users/federicocamarahalac/Documents/mmdb/img/i-348.jpg
/Users/federicocamarahalac/Documents/mmdb/raw/DSC_0472.JPG,/Users/federicocamarahalac/Documents/mmdb/img/i-349.jpg
/Users/federicocamarahalac/Documents/mmdb/raw/DSC_0473.JPG,/Users/federicocamarahalac/Documents/mmdb/img/i-350.jpg
/Users/federicocamarahalac/Documents/mmdb/raw/DSC_0474.JPG,/Users/federicocamarahalac/Documents/mmdb/img/i-351.jpg
/Users/federicocamarahalac/Documents/mmdb/raw/DSC_0475.JPG,/Users/federicocamarahalac/Documents/mmdb/img/i-352.jpg
/Users/federicocamarahalac/Documents/mmdb/raw/DSC_0476.JPG,/Users/federicocamarahalac/Documents/mmdb/img/i-353.jpg
/Users/federicocamarahalac/Documents/mmdb/raw/DSC_0477.JPG,/Users/federicocamarahalac/Documents/mmdb/img/i-354.jpg
/Users/federicocamarahalac/Documents/mmdb/raw/DSC_0478.JPG,/Users/federicocamarahalac/Documents/mmdb/img/i-355.jpg
/Users/federicocamarahalac/Documents/mmdb/raw/DSC_0479.JPG,/Users/federicocamarahalac/Documents/mmdb/img/i-356.jpg
/Users/federicocamarahalac/Documents/mmdb/raw/DSC_0480.JPG,/Users/federicocamarahalac/Documents/mmdb/img/i-357.jpg
/Users/federicocamarahalac/Documents/mmdb/raw/DSC_0481.JPG,/Users/federicocamarahalac/Documents/mmdb/img/i-358.jpg
/Users/federicocamarahalac/Documents/mmdb/raw/DSC_0482.JPG,/Users/federicocamarahalac/Documents/mmdb/img/i-359.jpg
/Users/federicocamarahalac/Documents/mmdb/raw/DSC_0483.JPG,/Users/federicocamarahalac/Documents/mmdb/img/i-360.jpg
/Users/federicocamarahalac/Documents/mmdb/raw/DSC_0484.JPG,/Users/federicocamarahalac/Documents/mmdb/img/i-361.jpg
/Users/federicocamarahalac/Documents/mmdb/raw/DSC_0485.JPG,/Users/federicocamarahalac/Documents/mmdb/img/i-362.jpg
/Users/federicocamarahalac/Documents/mmdb/raw/DSC_0486.JPG,/Users/federicocamarahalac/Documents/mmdb/img/i-363.jpg
/Users/federicocamarahalac/Documents/mmdb/raw/DSC_0487.JPG,/Users/federicocamarahalac/Documents/mmdb/img/i-364.jpg
/Users/federicocamarahalac/Documents/mmdb/raw/DSC_0488.JPG,/Users/federicocamarahalac/Documents/mmdb/img/i-365.jpg
/Users/federicocamarahalac/Documents/mmdb/raw/DSC_0489.JPG,/Users/federicocamarahalac/Documents/mmdb/img/i-366.jpg
/Users/federicocamarahalac/Documents/mmdb/raw/DSC_0490.NEF,/Users/federicocamarahalac/Documents/mmdb/img/i-367.jpg
/Users/federicocamarahalac/Documents/mmdb/raw/DSC_0491.NEF,/Users/federicocamarahalac/Documents/mmdb/img/i-368.jpg
/Users/federicocamarahalac/Documents/mmdb/raw/DSC_0492.NEF,/Users/federicocamarahalac/Documents/mmdb/img/i-369.jpg
/Users/federicocamarahalac/Documents/mmdb/raw/DSC_0493.NEF,/Users/federicocamarahalac/Documents/mmdb/img/i-370.jpg
/Users/federicocamarahalac/Documents/mmdb/raw/DSC_0494.NEF,/Users/federicocamarahalac/Documents/mmdb/img/i-371.jpg
/Users/federicocamarahalac/Documents/mmdb/raw/DSC_0495.NEF,/Users/federicocamarahalac/Documents/mmdb/img/i-372.jpg
/Users/federicocamarahalac/Documents/mmdb/raw/DSC_0496.NEF,/Users/federicocamarahalac/Documents/mmdb/img/i-373.jpg
/Users/federicocamarahalac/Documents/mmdb/raw/DSC_0497.NEF,/Users/federicocamarahalac/Documents/mmdb/img/i-374.jpg
/Users/federicocamarahalac/Documents/mmdb/raw/DSC_0498.NEF,/Users/federicocamarahalac/Documents/mmdb/img/i-375.jpg
/Users/federicocamarahalac/Documents/mmdb/raw/DSC_0499.NEF,/Users/federicocamarahalac/Documents/mmdb/img/i-376.jpg
/Users/federicocamarahalac/Documents/mmdb/raw/DSC_0500.NEF,/Users/federicocamarahalac/Documents/mmdb/img/i-377.jpg
/Users/federicocamarahalac/Documents/mmdb/raw/DSC_0501.NEF,/Users/federicocamarahalac/Documents/mmdb/img/i-378.jpg
/Users/federicocamarahalac/Documents/mmdb/raw/DSC_0502.NEF,/Users/federicocamarahalac/Documents/mmdb/img/i-379.jpg
/Users/federicocamarahalac/Documents/mmdb/raw/DSC_0503.NEF,/Users/federicocamarahalac/Documents/mmdb/img/i-380.jpg
/Users/federicocamarahalac/Documents/mmdb/raw/DSC_0504.NEF,/Users/federicocamarahalac/Documents/mmdb/img/i-381.jpg
/Users/federicocamarahalac/Documents/mmdb/raw/DSC_0505.NEF,/Users/federicocamarahalac/Documents/mmdb/img/i-382.jpg
/Users/federicocamarahalac/Documents/mmdb/raw/DSC_0506.NEF,/Users/federicocamarahalac/Documents/mmdb/img/i-383.jpg
/Users/federicocamarahalac/Documents/mmdb/raw/DSC_0507.NEF,/Users/federicocamarahalac/Documents/mmdb/img/i-384.jpg
/Users/federicocamarahalac/Documents/mmdb/raw/DSC_0508.NEF,/Users/federicocamarahalac/Documents/mmdb/img/i-385.jpg
/Users/federicocamarahalac/Documents/mmdb/raw/DSC_0509.NEF,/Users/federicocamarahalac/Documents/mmdb/img/i-386.jpg
/Users/federicocamarahalac/Documents/mmdb/raw/DSC_0510.NEF,/Users/federicocamarahalac/Documents/mmdb/img/i-387.jpg
/Users/federicocamarahalac/Documents/mmdb/raw/DSC_0511.NEF,/Users/federicocamarahalac/Documents/mmdb/img/i-388.jpg
/Users/federicocamarahalac/Documents/mmdb/raw/DSC_0512.NEF,/Users/federicocamarahalac/Documents/mmdb/img/i-389.jpg
/Users/federicocamarahalac/Documents/mmdb/raw/DSC_0513.NEF,/Users/federicocamarahalac/Documents/mmdb/img/i-390.jpg
/Users/federicocamarahalac/Documents/mmdb/raw/DSC_0514.NEF,/Users/federicocamarahalac/Documents/mmdb/img/i-391.jpg
/Users/federicocamarahalac/Documents/mmdb/raw/DSC_0515.NEF,/Users/federicocamarahalac/Documents/mmdb/img/i-392.jpg
/Users/federicocamarahalac/Documents/mmdb/raw/DSC_0516.NEF,/Users/federicocamarahalac/Documents/mmdb/img/i-393.jpg
/Users/federicocamarahalac/Documents/mmdb/raw/DSC_0517.NEF,/Users/federicocamarahalac/Documents/mmdb/img/i-394.jpg
/Users/federicocamarahalac/Documents/mmdb/raw/DSC_0518.NEF,/Users/federicocamarahalac/Documents/mmdb/img/i-395.jpg
/Users/federicocamarahalac/Documents/mmdb/raw/DSC_0519.NEF,/Users/federicocamarahalac/Documents/mmdb/img/i-396.jpg
/Users/federicocamarahalac/Documents/mmdb/raw/DSC_0520.NEF,/Users/federicocamarahalac/Documents/mmdb/img/i-397.jpg
/Users/federicocamarahalac/Documents/mmdb/raw/DSC_0521.NEF,/Users/federicocamarahalac/Documents/mmdb/img/i-398.jpg
/Users/federicocamarahalac/Documents/mmdb/raw/DSC_0522.NEF,/Users/federicocamarahalac/Documents/mmdb/img/i-399.jpg
/Users/federicocamarahalac/Documents/mmdb/raw/DSC_0523.NEF,/Users/federicocamarahalac/Documents/mmdb/img/i-400.jpg
/Users/federicocamarahalac/Documents/mmdb/raw/DSC_0524.NEF,/Users/federicocamarahalac/Documents/mmdb/img/i-401.jpg
/Users/federicocamarahalac/Documents/mmdb/raw/DSC_0525.NEF,/Users/federicocamarahalac/Documents/mmdb/img/i-402.jpg
/Users/federicocamarahalac/Documents/mmdb/raw/DSC_0526.NEF,/Users/federicocamarahalac/Documents/mmdb/img/i-403.jpg
/Users/federicocamarahalac/Documents/mmdb/raw/DSC_0527.NEF,/Users/federicocamarahalac/Documents/mmdb/img/i-404.jpg
/Users/federicocamarahalac/Documents/mmdb/raw/DSC_0528.NEF,/Users/federicocamarahalac/Documents/mmdb/img/i-405.jpg
/Users/federicocamarahalac/Documents/mmdb/raw/DSC_0529.NEF,/Users/federicocamarahalac/Documents/mmdb/img/i-406.jpg
/Users/federicocamarahalac/Documents/mmdb/raw/DSC_0530.NEF,/Users/federicocamarahalac/Documents/mmdb/img/i-407.jpg
/Users/federicocamarahalac/Documents/mmdb/raw/DSC_0531.NEF,/Users/federicocamarahalac/Documents/mmdb/img/i-408.jpg
/Users/federicocamarahalac/Documents/mmdb/raw/DSC_0532.NEF,/Users/federicocamarahalac/Documents/mmdb/img/i-409.jpg
/Users/federicocamarahalac/Documents/mmdb/raw/DSC_0533.NEF,/Users/federicocamarahalac/Documents/mmdb/img/i-410.jpg
/Users/federicocamarahalac/Documents/mmdb/raw/DSC_0534.NEF,/Users/federicocamarahalac/Documents/mmdb/img/i-411.jpg
/Users/federicocamarahalac/Documents/mmdb/raw/DSC_0535.NEF,/Users/federicocamarahalac/Documents/mmdb/img/i-412.jpg
/Users/federicocamarahalac/Documents/mmdb/raw/DSC_0536.NEF,/Users/federicocamarahalac/Documents/mmdb/img/i-413.jpg
/Users/federicocamarahalac/Documents/mmdb/raw/DSC_0537.NEF,/Users/federicocamarahalac/Documents/mmdb/img/i-414.jpg
/Users/federicocamarahalac/Documents/mmdb/raw/DSC_0538.NEF,/Users/federicocamarahalac/Documents/mmdb/img/i-415.jpg
/Users/federicocamarahalac/Documents/mmdb/raw/DSC_0539.NEF,/Users/federicocamarahalac/Documents/mmdb/img/i-416.jpg
/Users/federicocamarahalac/Documents/mmdb/raw/DSC_0540.NEF,/Users/federicocamarahalac/Documents/mmdb/img/i-417.jpg
/Users/federicocamarahalac/Documents/mmdb/raw/DSC_0541.NEF,/Users/federicocamarahalac/Documents/mmdb/img/i-418.jpg
/Users/federicocamarahalac/Documents/mmdb/raw/DSC_0542.NEF,/Users/federicocamarahalac/Documents/mmdb/img/i-419.jpg
/Users/federicocamarahalac/Documents/mmdb/raw/DSC_0543.NEF,/Users/federicocamarahalac/Documents/mmdb/img/i-420.jpg
/Users/federicocamarahalac/Documents/mmdb/raw/DSC_0544.NEF,/Users/federicocamarahalac/Documents/mmdb/img/i-421.jpg
/Users/federicocamarahalac/Documents/mmdb/raw/DSC_0545.NEF,/Users/federicocamarahalac/Documents/mmdb/img/i-422.jpg
/Users/federicocamarahalac/Documents/mmdb/raw/DSC_0546.NEF,/Users/federicocamarahalac/Documents/mmdb/img/i-423.jpg
/Users/federicocamarahalac/Documents/mmdb/raw/DSC_0547.NEF,/Users/federicocamarahalac/Documents/mmdb/img/i-424.jpg
/Users/federicocamarahalac/Documents/mmdb/raw/DSC_0548.NEF,/Users/federicocamarahalac/Documents/mmdb/img/i-425.jpg
/Users/federicocamarahalac/Documents/mmdb/raw/DSC_0549.NEF,/Users/federicocamarahalac/Documents/mmdb/img/i-426.jpg
/Users/federicocamarahalac/Documents/mmdb/raw/DSC_0550.NEF,/Users/federicocamarahalac/Documents/mmdb/img/i-427.jpg
/Users/federicocamarahalac/Documents/mmdb/raw/DSC_0551.NEF,/Users/federicocamarahalac/Documents/mmdb/img/i-428.jpg
/Users/federicocamarahalac/Documents/mmdb/raw/DSC_0552.NEF,/Users/federicocamarahalac/Documents/mmdb/img/i-429.jpg
/Users/federicocamarahalac/Documents/mmdb/raw/DSC_0553.NEF,/Users/federicocamarahalac/Documents/mmdb/img/i-430.jpg
/Users/federicocamarahalac/Documents/mmdb/raw/DSC_0554.NEF,/Users/federicocamarahalac/Documents/mmdb/img/i-431.jpg
/Users/federicocamarahalac/Documents/mmdb/raw/DSC_0555.NEF,/Users/federicocamarahalac/Documents/mmdb/img/i-432.jpg
/Users/federicocamarahalac/Documents/mmdb/raw/DSC_0556.NEF,/Users/federicocamarahalac/Documents/mmdb/img/i-433.jpg
/Users/federicocamarahalac/Documents/mmdb/raw/DSC_0557.NEF,/Users/federicocamarahalac/Documents/mmdb/img/i-434.jpg
/Users/federicocamarahalac/Documents/mmdb/raw/DSC_0558.NEF,/Users/federicocamarahalac/Documents/mmdb/img/i-435.jpg
/Users/federicocamarahalac/Documents/mmdb/raw/DSC_0559.NEF,/Users/federicocamarahalac/Documents/mmdb/img/i-436.jpg
/Users/federicocamarahalac/Documents/mmdb/raw/DSC_0560.NEF,/Users/federicocamarahalac/Documents/mmdb/img/i-437.jpg
/Users/federicocamarahalac/Documents/mmdb/raw/DSC_0561.NEF,/Users/federicocamarahalac/Documents/mmdb/img/i-438.jpg
/Users/federicocamarahalac/Documents/mmdb/raw/DSC_0562.NEF,/Users/federicocamarahalac/Documents/mmdb/img/i-439.jpg
/Users/federicocamarahalac/Documents/mmdb/raw/DSC_0563.NEF,/Users/federicocamarahalac/Documents/mmdb/img/i-440.jpg
/Users/federicocamarahalac/Documents/mmdb/raw/DSC_0564.NEF,/Users/federicocamarahalac/Documents/mmdb/img/i-441.jpg
/Users/federicocamarahalac/Documents/mmdb/raw/DSC_0565.NEF,/Users/federicocamarahalac/Documents/mmdb/img/i-442.jpg
/Users/federicocamarahalac/Documents/mmdb/raw/DSC_0566.NEF,/Users/federicocamarahalac/Documents/mmdb/img/i-443.jpg
/Users/federicocamarahalac/Documents/mmdb/raw/DSC_0567.NEF,/Users/federicocamarahalac/Documents/mmdb/img/i-444.jpg
/Users/federicocamarahalac/Documents/mmdb/raw/DSC_0568.NEF,/Users/federicocamarahalac/Documents/mmdb/img/i-445.jpg
/Users/federicocamarahalac/Documents/mmdb/raw/DSC_0569.NEF,/Users/federicocamarahalac/Documents/mmdb/img/i-446.jpg
/Users/federicocamarahalac/Documents/mmdb/raw/DSC_0570.NEF,/Users/federicocamarahalac/Documents/mmdb/img/i-447.jpg
/Users/federicocamarahalac/Documents/mmdb/raw/DSC_0571.NEF,/Users/federicocamarahalac/Documents/mmdb/img/i-448.jpg
/Users/federicocamarahalac/Documents/mmdb/raw/DSC_0572.NEF,/Users/federicocamarahalac/Documents/mmdb/img/i-449.jpg
/Users/federicocamarahalac/Documents/mmdb/raw/DSC_0573.NEF,/Users/federicocamarahalac/Documents/mmdb/img/i-450.jpg
/Users/federicocamarahalac/Documents/mmdb/raw/DSC_0574.NEF,/Users/federicocamarahalac/Documents/mmdb/img/i-451.jpg
/Users/federicocamarahalac/Documents/mmdb/raw/DSC_0575.NEF,/Users/federicocamarahalac/Documents/mmdb/img/i-452.jpg
/Users/federicocamarahalac/Documents/mmdb/raw/DSC_0576.NEF,/Users/federicocamarahalac/Documents/mmdb/img/i-453.jpg
/Users/federicocamarahalac/Documents/mmdb/raw/DSC_0577.NEF,/Users/federicocamarahalac/Documents/mmdb/img/i-454.jpg
/Users/federicocamarahalac/Documents/mmdb/raw/DSC_0578.NEF,/Users/federicocamarahalac/Documents/mmdb/img/i-455.jpg
/Users/federicocamarahalac/Documents/mmdb/raw/DSC_0579.NEF,/Users/federicocamarahalac/Documents/mmdb/img/i-456.jpg
/Users/federicocamarahalac/Documents/mmdb/raw/DSC_0580.NEF,/Users/federicocamarahalac/Documents/mmdb/img/i-457.jpg
/Users/federicocamarahalac/Documents/mmdb/raw/DSC_0581.NEF,/Users/federicocamarahalac/Documents/mmdb/img/i-458.jpg
/Users/federicocamarahalac/Documents/mmdb/raw/DSC_0582.NEF,/Users/federicocamarahalac/Documents/mmdb/img/i-459.jpg
/Users/federicocamarahalac/Documents/mmdb/raw/DSC_0583.NEF,/Users/federicocamarahalac/Documents/mmdb/img/i-460.jpg
/Users/federicocamarahalac/Documents/mmdb/raw/DSC_0584.NEF,/Users/federicocamarahalac/Documents/mmdb/img/i-461.jpg
/Users/federicocamarahalac/Documents/mmdb/raw/DSC_0585.NEF,/Users/federicocamarahalac/Documents/mmdb/img/i-462.jpg
/Users/federicocamarahalac/Documents/mmdb/raw/DSC_0586.NEF,/Users/federicocamarahalac/Documents/mmdb/img/i-463.jpg
/Users/federicocamarahalac/Documents/mmdb/raw/DSC_0587.NEF,/Users/federicocamarahalac/Documents/mmdb/img/i-464.jpg
/Users/federicocamarahalac/Documents/mmdb/raw/DSC_0588.NEF,/Users/federicocamarahalac/Documents/mmdb/img/i-465.jpg
/Users/federicocamarahalac/Documents/mmdb/raw/DSC_0589.NEF,/Users/federicocamarahalac/Documents/mmdb/img/i-466.jpg
/Users/federicocamarahalac/Documents/mmdb/raw/DSC_0590.NEF,/Users/federicocamarahalac/Documents/mmdb/img/i-467.jpg
/Users/federicocamarahalac/Documents/mmdb/raw/DSC_0591.NEF,/Users/federicocamarahalac/Documents/mmdb/img/i-468.jpg
/Users/federicocamarahalac/Documents/mmdb/raw/DSC_0592.NEF,/Users/federicocamarahalac/Documents/mmdb/img/i-469.jpg
/Users/federicocamarahalac/Documents/mmdb/raw/DSC_0593.NEF,/Users/federicocamarahalac/Documents/mmdb/img/i-470.jpg
/Users/federicocamarahalac/Documents/mmdb/raw/DSC_0594.NEF,/Users/federicocamarahalac/Documents/mmdb/img/i-471.jpg
/Users/federicocamarahalac/Documents/mmdb/raw/DSC_0595.NEF,/Users/federicocamarahalac/Documents/mmdb/img/i-472.jpg
/Users/federicocamarahalac/Documents/mmdb/raw/DSC_0596.NEF,/Users/federicocamarahalac/Documents/mmdb/img/i-473.jpg
/Users/federicocamarahalac/Documents/mmdb/raw/DSC_0597.NEF,/Users/federicocamarahalac/Documents/mmdb/img/i-474.jpg
/Users/federicocamarahalac/Documents/mmdb/raw/DSC_0598.NEF,/Users/federicocamarahalac/Documents/mmdb/img/i-475.jpg
/Users/federicocamarahalac/Documents/mmdb/raw/DSC_0599.NEF,/Users/federicocamarahalac/Documents/mmdb/img/i-476.jpg
/Users/federicocamarahalac/Documents/mmdb/raw/DSC_0600.NEF,/Users/federicocamarahalac/Documents/mmdb/img/i-477.jpg
/Users/federicocamarahalac/Documents/mmdb/raw/DSC_0601.NEF,/Users/federicocamarahalac/Documents/mmdb/img/i-478.jpg
/Users/federicocamarahalac/Documents/mmdb/raw/DSC_0602.NEF,/Users/federicocamarahalac/Documents/mmdb/img/i-479.jpg
/Users/federicocamarahalac/Documents/mmdb/raw/DSC_0603.NEF,/Users/federicocamarahalac/Documents/mmdb/img/i-480.jpg
/Users/federicocamarahalac/Documents/mmdb/raw/DSC_0604.NEF,/Users/federicocamarahalac/Documents/mmdb/img/i-481.jpg
/Users/federicocamarahalac/Documents/mmdb/raw/DSC_0605.NEF,/Users/federicocamarahalac/Documents/mmdb/img/i-482.jpg
/Users/federicocamarahalac/Documents/mmdb/raw/DSC_0606.NEF,/Users/federicocamarahalac/Documents/mmdb/img/i-483.jpg
/Users/federicocamarahalac/Documents/mmdb/raw/DSC_0607.NEF,/Users/federicocamarahalac/Documents/mmdb/img/i-484.jpg
/Users/federicocamarahalac/Documents/mmdb/raw/DSC_0608.NEF,/Users/federicocamarahalac/Documents/mmdb/img/i-485.jpg
/Users/federicocamarahalac/Documents/mmdb/raw/DSC_0609.NEF,/Users/federicocamarahalac/Documents/mmdb/img/i-486.jpg
/Users/federicocamarahalac/Documents/mmdb/raw/DSC_0610.NEF,/Users/federicocamarahalac/Documents/mmdb/img/i-487.jpg
/Users/federicocamarahalac/Documents/mmdb/raw/DSC_0611.NEF,/Users/federicocamarahalac/Documents/mmdb/img/i-488.jpg
/Users/federicocamarahalac/Documents/mmdb/raw/DSC_0612.NEF,/Users/federicocamarahalac/Documents/mmdb/img/i-489.jpg
/Users/federicocamarahalac/Documents/mmdb/raw/DSC_0613.NEF,/Users/federicocamarahalac/Documents/mmdb/img/i-490.jpg
/Users/federicocamarahalac/Documents/mmdb/raw/DSC_0614.NEF,/Users/federicocamarahalac/Documents/mmdb/img/i-491.jpg
/Users/federicocamarahalac/Documents/mmdb/raw/DSC_0615.NEF,/Users/federicocamarahalac/Documents/mmdb/img/i-492.jpg
/Users/federicocamarahalac/Documents/mmdb/raw/DSC_0616.NEF,/Users/federicocamarahalac/Documents/mmdb/img/i-493.jpg
/Users/federicocamarahalac/Documents/mmdb/raw/DSC_0617.NEF,/Users/federicocamarahalac/Documents/mmdb/img/i-494.jpg
/Users/federicocamarahalac/Documents/mmdb/raw/DSC_0618.NEF,/Users/federicocamarahalac/Documents/mmdb/img/i-495.jpg
/Users/federicocamarahalac/Documents/mmdb/raw/DSC_0619.NEF,/Users/federicocamarahalac/Documents/mmdb/img/i-496.jpg
/Users/federicocamarahalac/Documents/mmdb/raw/DSC_0620.NEF,/Users/federicocamarahalac/Documents/mmdb/img/i-497.jpg
/Users/federicocamarahalac/Documents/mmdb/raw/DSC_0621.NEF,/Users/federicocamarahalac/Documents/mmdb/img/i-498.jpg
/Users/federicocamarahalac/Documents/mmdb/raw/DSC_0622.NEF,/Users/federicocamarahalac/Documents/mmdb/img/i-499.jpg
/Users/federicocamarahalac/Documents/mmdb/raw/DSC_0623.NEF,/Users/federicocamarahalac/Documents/mmdb/img/i-500.jpg
/Users/federicocamarahalac/Documents/mmdb/raw/DSC_0624.NEF,/Users/federicocamarahalac/Documents/mmdb/img/i-501.jpg
/Users/federicocamarahalac/Documents/mmdb/raw/DSC_0625.NEF,/Users/federicocamarahalac/Documents/mmdb/img/i-502.jpg
/Users/federicocamarahalac/Documents/mmdb/raw/DSC_0626.NEF,/Users/federicocamarahalac/Documents/mmdb/img/i-503.jpg
/Users/federicocamarahalac/Documents/mmdb/raw/DSC_0627.NEF,/Users/federicocamarahalac/Documents/mmdb/img/i-504.jpg
/Users/federicocamarahalac/Documents/mmdb/raw/DSC_0628.NEF,/Users/federicocamarahalac/Documents/mmdb/img/i-505.jpg
/Users/federicocamarahalac/Documents/mmdb/raw/DSC_0629.NEF,/Users/federicocamarahalac/Documents/mmdb/img/i-506.jpg
/Users/federicocamarahalac/Documents/mmdb/raw/DSC_0630.NEF,/Users/federicocamarahalac/Documents/mmdb/img/i-507.jpg
/Users/federicocamarahalac/Documents/mmdb/raw/DSC_0631.NEF,/Users/federicocamarahalac/Documents/mmdb/img/i-508.jpg
/Users/federicocamarahalac/Documents/mmdb/raw/DSC_0632.NEF,/Users/federicocamarahalac/Documents/mmdb/img/i-509.jpg
/Users/federicocamarahalac/Documents/mmdb/raw/DSC_0633.NEF,/Users/federicocamarahalac/Documents/mmdb/img/i-510.jpg
/Users/federicocamarahalac/Documents/mmdb/raw/DSC_0634.NEF,/Users/federicocamarahalac/Documents/mmdb/img/i-511.jpg
/Users/federicocamarahalac/Documents/mmdb/raw/DSC_0635.NEF,/Users/federicocamarahalac/Documents/mmdb/img/i-512.jpg
/Users/federicocamarahalac/Documents/mmdb/raw/DSC_0636.NEF,/Users/federicocamarahalac/Documents/mmdb/img/i-513.jpg
/Users/federicocamarahalac/Documents/mmdb/raw/DSC_0637.NEF,/Users/federicocamarahalac/Documents/mmdb/img/i-514.jpg
/Users/federicocamarahalac/Documents/mmdb/raw/DSC_0638.NEF,/Users/federicocamarahalac/Documents/mmdb/img/i-515.jpg
/Users/federicocamarahalac/Documents/mmdb/raw/DSC_0639.NEF,/Users/federicocamarahalac/Documents/mmdb/img/i-516.jpg
/Users/federicocamarahalac/Documents/mmdb/raw/DSC_0640.NEF,/Users/federicocamarahalac/Documents/mmdb/img/i-517.jpg
/Users/federicocamarahalac/Documents/mmdb/raw/DSC_0641.NEF,/Users/federicocamarahalac/Documents/mmdb/img/i-518.jpg
/Users/federicocamarahalac/Documents/mmdb/raw/DSC_0642.NEF,/Users/federicocamarahalac/Documents/mmdb/img/i-519.jpg
/Users/federicocamarahalac/Documents/mmdb/raw/DSC_0643.NEF,/Users/federicocamarahalac/Documents/mmdb/img/i-520.jpg
/Users/federicocamarahalac/Documents/mmdb/raw/DSC_0644.NEF,/Users/federicocamarahalac/Documents/mmdb/img/i-521.jpg
/Users/federicocamarahalac/Documents/mmdb/raw/DSC_0645.NEF,/Users/federicocamarahalac/Documents/mmdb/img/i-522.jpg
/Users/federicocamarahalac/Documents/mmdb/raw/DSC_0646.NEF,/Users/federicocamarahalac/Documents/mmdb/img/i-523.jpg
/Users/federicocamarahalac/Documents/mmdb/raw/DSC_0647.NEF,/Users/federicocamarahalac/Documents/mmdb/img/i-524.jpg
/Users/federicocamarahalac/Documents/mmdb/raw/DSC_0648.NEF,/Users/federicocamarahalac/Documents/mmdb/img/i-525.jpg
/Users/federicocamarahalac/Documents/mmdb/raw/DSC_0649.NEF,/Users/federicocamarahalac/Documents/mmdb/img/i-526.jpg
/Users/federicocamarahalac/Documents/mmdb/raw/DSC_0650.NEF,/Users/federicocamarahalac/Documents/mmdb/img/i-527.jpg
/Users/federicocamarahalac/Documents/mmdb/raw/DSC_0651.NEF,/Users/federicocamarahalac/Documents/mmdb/img/i-528.jpg
/Users/federicocamarahalac/Documents/mmdb/raw/DSC_0652.NEF,/Users/federicocamarahalac/Documents/mmdb/img/i-529.jpg
/Users/federicocamarahalac/Documents/mmdb/raw/DSC_0653.NEF,/Users/federicocamarahalac/Documents/mmdb/img/i-530.jpg
/Users/federicocamarahalac/Documents/mmdb/raw/DSC_0654.NEF,/Users/federicocamarahalac/Documents/mmdb/img/i-531.jpg
/Users/federicocamarahalac/Documents/mmdb/raw/DSC_0655.NEF,/Users/federicocamarahalac/Documents/mmdb/img/i-532.jpg
/Users/federicocamarahalac/Documents/mmdb/raw/DSC_0656.NEF,/Users/federicocamarahalac/Documents/mmdb/img/i-533.jpg
/Users/federicocamarahalac/Documents/mmdb/raw/DSC_0657.NEF,/Users/federicocamarahalac/Documents/mmdb/img/i-534.jpg
/Users/federicocamarahalac/Documents/mmdb/raw/DSC_0658.NEF,/Users/federicocamarahalac/Documents/mmdb/img/i-535.jpg
/Users/federicocamarahalac/Documents/mmdb/raw/DSC_0659.NEF,/Users/federicocamarahalac/Documents/mmdb/img/i-536.jpg
/Users/federicocamarahalac/Documents/mmdb/raw/DSC_0660.NEF,/Users/federicocamarahalac/Documents/mmdb/img/i-537.jpg
/Users/federicocamarahalac/Documents/mmdb/raw/DSC_0661.NEF,/Users/federicocamarahalac/Documents/mmdb/img/i-538.jpg
/Users/federicocamarahalac/Documents/mmdb/raw/DSC_0662.NEF,/Users/federicocamarahalac/Documents/mmdb/img/i-539.jpg
/Users/federicocamarahalac/Documents/mmdb/raw/DSC_0663.NEF,/Users/federicocamarahalac/Documents/mmdb/img/i-540.jpg
/Users/federicocamarahalac/Documents/mmdb/raw/DSC_0664.NEF,/Users/federicocamarahalac/Documents/mmdb/img/i-541.jpg
/Users/federicocamarahalac/Documents/mmdb/raw/DSC_0665.NEF,/Users/federicocamarahalac/Documents/mmdb/img/i-542.jpg
/Users/federicocamarahalac/Documents/mmdb/raw/DSC_0666.NEF,/Users/federicocamarahalac/Documents/mmdb/img/i-543.jpg
/Users/federicocamarahalac/Documents/mmdb/raw/DSC_0667.NEF,/Users/federicocamarahalac/Documents/mmdb/img/i-544.jpg
/Users/federicocamarahalac/Documents/mmdb/raw/DSC_0668.NEF,/Users/federicocamarahalac/Documents/mmdb/img/i-545.jpg
/Users/federicocamarahalac/Documents/mmdb/raw/DSC_0669.NEF,/Users/federicocamarahalac/Documents/mmdb/img/i-546.jpg
/Users/federicocamarahalac/Documents/mmdb/raw/DSC_0670.NEF,/Users/federicocamarahalac/Documents/mmdb/img/i-547.jpg
/Users/federicocamarahalac/Documents/mmdb/raw/DSC_0671.NEF,/Users/federicocamarahalac/Documents/mmdb/img/i-548.jpg
/Users/federicocamarahalac/Documents/mmdb/raw/DSC_0672.NEF,/Users/federicocamarahalac/Documents/mmdb/img/i-549.jpg
/Users/federicocamarahalac/Documents/mmdb/raw/DSC_0673.NEF,/Users/federicocamarahalac/Documents/mmdb/img/i-550.jpg
/Users/federicocamarahalac/Documents/mmdb/raw/DSC_0674.NEF,/Users/federicocamarahalac/Documents/mmdb/img/i-551.jpg
/Users/federicocamarahalac/Documents/mmdb/raw/DSC_0675.NEF,/Users/federicocamarahalac/Documents/mmdb/img/i-552.jpg
/Users/federicocamarahalac/Documents/mmdb/raw/DSC_0676.NEF,/Users/federicocamarahalac/Documents/mmdb/img/i-553.jpg
/Users/federicocamarahalac/Documents/mmdb/raw/DSC_0677.NEF,/Users/federicocamarahalac/Documents/mmdb/img/i-554.jpg
/Users/federicocamarahalac/Documents/mmdb/raw/DSC_0678.NEF,/Users/federicocamarahalac/Documents/mmdb/img/i-555.jpg
/Users/federicocamarahalac/Documents/mmdb/raw/DSC_0679.NEF,/Users/federicocamarahalac/Documents/mmdb/img/i-556.jpg
/Users/federicocamarahalac/Documents/mmdb/raw/DSC_0680.NEF,/Users/federicocamarahalac/Documents/mmdb/img/i-557.jpg
/Users/federicocamarahalac/Documents/mmdb/raw/DSC_0681.NEF,/Users/federicocamarahalac/Documents/mmdb/img/i-558.jpg
/Users/federicocamarahalac/Documents/mmdb/raw/DSC_0682.NEF,/Users/federicocamarahalac/Documents/mmdb/img/i-559.jpg
/Users/federicocamarahalac/Documents/mmdb/raw/DSC_0683.NEF,/Users/federicocamarahalac/Documents/mmdb/img/i-560.jpg
/Users/federicocamarahalac/Documents/mmdb/raw/DSC_0684.NEF,/Users/federicocamarahalac/Documents/mmdb/img/i-561.jpg
/Users/federicocamarahalac/Documents/mmdb/raw/DSC_0685.NEF,/Users/federicocamarahalac/Documents/mmdb/img/i-562.jpg
/Users/federicocamarahalac/Documents/mmdb/raw/DSC_0686.NEF,/Users/federicocamarahalac/Documents/mmdb/img/i-563.jpg
/Users/federicocamarahalac/Documents/mmdb/raw/DSC_0687.NEF,/Users/federicocamarahalac/Documents/mmdb/img/i-564.jpg
/Users/federicocamarahalac/Documents/mmdb/raw/DSC_0688.NEF,/Users/federicocamarahalac/Documents/mmdb/img/i-565.jpg
/Users/federicocamarahalac/Documents/mmdb/raw/DSC_0689.NEF,/Users/federicocamarahalac/Documents/mmdb/img/i-566.jpg
/Users/federicocamarahalac/Documents/mmdb/raw/DSC_0690.NEF,/Users/federicocamarahalac/Documents/mmdb/img/i-567.jpg
/Users/federicocamarahalac/Documents/mmdb/raw/DSC_0691.NEF,/Users/federicocamarahalac/Documents/mmdb/img/i-568.jpg
/Users/federicocamarahalac/Documents/mmdb/raw/DSC_0692.NEF,/Users/federicocamarahalac/Documents/mmdb/img/i-569.jpg
/Users/federicocamarahalac/Documents/mmdb/raw/DSC_0693.NEF,/Users/federicocamarahalac/Documents/mmdb/img/i-570.jpg
/Users/federicocamarahalac/Documents/mmdb/raw/DSC_0694.NEF,/Users/federicocamarahalac/Documents/mmdb/img/i-571.jpg
/Users/federicocamarahalac/Documents/mmdb/raw/DSC_0695.NEF,/Users/federicocamarahalac/Documents/mmdb/img/i-572.jpg
/Users/federicocamarahalac/Documents/mmdb/raw/DSC_0696.NEF,/Users/federicocamarahalac/Documents/mmdb/img/i-573.jpg
/Users/federicocamarahalac/Documents/mmdb/raw/DSC_0697.NEF,/Users/federicocamarahalac/Documents/mmdb/img/i-574.jpg
/Users/federicocamarahalac/Documents/mmdb/raw/DSC_0698.NEF,/Users/federicocamarahalac/Documents/mmdb/img/i-575.jpg
/Users/federicocamarahalac/Documents/mmdb/raw/DSC_0699.NEF,/Users/federicocamarahalac/Documents/mmdb/img/i-576.jpg
/Users/federicocamarahalac/Documents/mmdb/raw/DSC_0700.NEF,/Users/federicocamarahalac/Documents/mmdb/img/i-577.jpg
/Users/federicocamarahalac/Documents/mmdb/raw/DSC_0701.NEF,/Users/federicocamarahalac/Documents/mmdb/img/i-578.jpg
/Users/federicocamarahalac/Documents/mmdb/raw/DSC_0702.NEF,/Users/federicocamarahalac/Documents/mmdb/img/i-579.jpg
/Users/federicocamarahalac/Documents/mmdb/raw/DSC_0703.NEF,/Users/federicocamarahalac/Documents/mmdb/img/i-580.jpg
/Users/federicocamarahalac/Documents/mmdb/raw/DSC_0704.NEF,/Users/federicocamarahalac/Documents/mmdb/img/i-581.jpg
/Users/federicocamarahalac/Documents/mmdb/raw/DSC_0705.NEF,/Users/federicocamarahalac/Documents/mmdb/img/i-582.jpg
/Users/federicocamarahalac/Documents/mmdb/raw/DSC_0706.NEF,/Users/federicocamarahalac/Documents/mmdb/img/i-583.jpg
/Users/federicocamarahalac/Documents/mmdb/raw/DSC_0707.NEF,/Users/federicocamarahalac/Documents/mmdb/img/i-584.jpg
/Users/federicocamarahalac/Documents/mmdb/raw/DSC_0708.NEF,/Users/federicocamarahalac/Documents/mmdb/img/i-585.jpg
/Users/federicocamarahalac/Documents/mmdb/raw/DSC_0709.NEF,/Users/federicocamarahalac/Documents/mmdb/img/i-586.jpg
/Users/federicocamarahalac/Documents/mmdb/raw/DSC_0710.NEF,/Users/federicocamarahalac/Documents/mmdb/img/i-587.jpg
/Users/federicocamarahalac/Documents/mmdb/raw/DSC_0711.NEF,/Users/federicocamarahalac/Documents/mmdb/img/i-588.jpg
/Users/federicocamarahalac/Documents/mmdb/raw/DSC_0712.NEF,/Users/federicocamarahalac/Documents/mmdb/img/i-589.jpg
/Users/federicocamarahalac/Documents/mmdb/raw/DSC_0713.NEF,/Users/federicocamarahalac/Documents/mmdb/img/i-590.jpg
/Users/federicocamarahalac/Documents/mmdb/raw/DSC_0357.MOV,/Users/federicocamarahalac/Documents/mmdb/vid/v-0-*.jpg
/Users/federicocamarahalac/Documents/mmdb/raw/DSC_0357.MOV,/Users/federicocamarahalac/Documents/mmdb/aud/v-0.wav
